```sql
mysql> DROP TABLE IF EXISTS t_employee2;CREATE TABLE t_employee2 (    deptno INT NOT NULL,empno INT PRIMARY KEY,ename VARCHAR(20),job VARCHAR(20),    MGR INT,Hiredate Date,sal float,comm float);
Query OK, 0 rows affected (0.07 sec)

Query OK, 0 rows affected (0.06 sec)

mysql> INSERT INTO t_employee2 (empno, ename, job, MGR, Hiredate, sal, comm, deptno)
    -> VALUES (7369, "SMITH", "CLERK", 7902, "1981-03-12", 800.00, NULL, 20),
    -> (7499, "ALLEN", "SALESMAN", 7698, "1982-03-12", 1600, 300, 30),
    -> (7521, "WARD", "SALESMAN", 7698, "1838-03-12", 1250, 500, 30),
    -> (7566, "JONES", "MANAGER", 7839, "1981-03-12", 2975, NULL, 20),
    -> (7654, "MARTIN", "SALESMAN", 7698, "1981-01-12", 1250, 1400, 30),
    -> (7698, "BLAKE", "MANAGER", 7839, "1985-03-12", 2450, NULL, 10),
    -> (7788, "SCOTT", "ANALYST", 7566, "1981-03-12", 3000, NULL, 20),
    -> (7839, "KING", "PRESIDENT", NULL, "1981-03-12", 5000, NULL, 10),
    -> (7844, "TURNER", "SALESMAN", 7689, "1981-03-12", 1500, 0, 30),
    -> (7878, "ADAMS", "CLERK", 7788, "1981-03-12", 1100, NULL,20),
    -> (7900, "JAMES", "CLERK", 7698,"1981-03-12",  950, NULL, 30),
    -> (7902, "FORD", "ANALYST", 7566, "1981-03-12", 3000, NULL, 20),
    -> (7934, "MILLER", "CLERK", 7782, "1981-03-12", 1300, NULL, 10)
    -> ;
Query OK, 13 rows affected (0.01 sec)
Records: 13  Duplicates: 0  Warnings: 0

mysql> select * from t_employee2;
+--------+-------+--------+-----------+------+------------+------+------+
| deptno | empno | ename  | job       | MGR  | Hiredate   | sal  | comm |
+--------+-------+--------+-----------+------+------------+------+------+
|     20 |  7369 | SMITH  | CLERK     | 7902 | 1981-03-12 |  800 | NULL |
|     30 |  7499 | ALLEN  | SALESMAN  | 7698 | 1982-03-12 | 1600 |  300 |
|     30 |  7521 | WARD   | SALESMAN  | 7698 | 1838-03-12 | 1250 |  500 |
|     20 |  7566 | JONES  | MANAGER   | 7839 | 1981-03-12 | 2975 | NULL |
|     30 |  7654 | MARTIN | SALESMAN  | 7698 | 1981-01-12 | 1250 | 1400 |
|     10 |  7698 | BLAKE  | MANAGER   | 7839 | 1985-03-12 | 2450 | NULL |
|     20 |  7788 | SCOTT  | ANALYST   | 7566 | 1981-03-12 | 3000 | NULL |
|     10 |  7839 | KING   | PRESIDENT | NULL | 1981-03-12 | 5000 | NULL |
|     30 |  7844 | TURNER | SALESMAN  | 7689 | 1981-03-12 | 1500 |    0 |
|     20 |  7878 | ADAMS  | CLERK     | 7788 | 1981-03-12 | 1100 | NULL |
|     30 |  7900 | JAMES  | CLERK     | 7698 | 1981-03-12 |  950 | NULL |
|     20 |  7902 | FORD   | ANALYST   | 7566 | 1981-03-12 | 3000 | NULL |
|     10 |  7934 | MILLER | CLERK     | 7782 | 1981-03-12 | 1300 | NULL |
+--------+-------+--------+-----------+------+------------+------+------+
13 rows in set (0.00 sec)

mysql> select *from (t_employee2 t1 inner join t_employee2 t2 on t1. mgr= t2.empno )  inner join t_employee2 t3 on t2. mgr= t3.empno;
+--------+-------+--------+----------+------+------------+------+------+--------+-------+-------+---------+------+------------+------+------+--------+-------+-------+-----------+------+------------+------+------+
| deptno | empno | ename  | job      | MGR  | Hiredate   | sal  | comm | deptno | empno | ename | job     | MGR  | Hiredate   | sal  | comm | deptno | empno | ename | job       | MGR  | Hiredate   | sal  | comm |
+--------+-------+--------+----------+------+------------+------+------+--------+-------+-------+---------+------+------------+------+------+--------+-------+-------+-----------+------+------------+------+------+
|     20 |  7369 | SMITH  | CLERK    | 7902 | 1981-03-12 |  800 | NULL |     20 |  7902 | FORD  | ANALYST | 7566 | 1981-03-12 | 3000 | NULL |     20 |  7566 | JONES | MANAGER   | 7839 | 1981-03-12 | 2975 | NULL |
|     30 |  7499 | ALLEN  | SALESMAN | 7698 | 1982-03-12 | 1600 |  300 |     10 |  7698 | BLAKE | MANAGER | 7839 | 1985-03-12 | 2450 | NULL |     10 |  7839 | KING  | PRESIDENT | NULL | 1981-03-12 | 5000 | NULL |
|     30 |  7521 | WARD   | SALESMAN | 7698 | 1838-03-12 | 1250 |  500 |     10 |  7698 | BLAKE | MANAGER | 7839 | 1985-03-12 | 2450 | NULL |     10 |  7839 | KING  | PRESIDENT | NULL | 1981-03-12 | 5000 | NULL |
|     30 |  7654 | MARTIN | SALESMAN | 7698 | 1981-01-12 | 1250 | 1400 |     10 |  7698 | BLAKE | MANAGER | 7839 | 1985-03-12 | 2450 | NULL |     10 |  7839 | KING  | PRESIDENT | NULL | 1981-03-12 | 5000 | NULL |
|     20 |  7788 | SCOTT  | ANALYST  | 7566 | 1981-03-12 | 3000 | NULL |     20 |  7566 | JONES | MANAGER | 7839 | 1981-03-12 | 2975 | NULL |     10 |  7839 | KING  | PRESIDENT | NULL | 1981-03-12 | 5000 | NULL |
|     20 |  7878 | ADAMS  | CLERK    | 7788 | 1981-03-12 | 1100 | NULL |     20 |  7788 | SCOTT | ANALYST | 7566 | 1981-03-12 | 3000 | NULL |     20 |  7566 | JONES | MANAGER   | 7839 | 1981-03-12 | 2975 | NULL |
|     30 |  7900 | JAMES  | CLERK    | 7698 | 1981-03-12 |  950 | NULL |     10 |  7698 | BLAKE | MANAGER | 7839 | 1985-03-12 | 2450 | NULL |     10 |  7839 | KING  | PRESIDENT | NULL | 1981-03-12 | 5000 | NULL |
|     20 |  7902 | FORD   | ANALYST  | 7566 | 1981-03-12 | 3000 | NULL |     20 |  7566 | JONES | MANAGER | 7839 | 1981-03-12 | 2975 | NULL |     10 |  7839 | KING  | PRESIDENT | NULL | 1981-03-12 | 5000 | NULL |
+--------+-------+--------+----------+------+------------+------+------+--------+-------+-------+---------+------+------------+------+------+--------+-------+-------+-----------+------+------------+------+------+
8 rows in set (0.01 sec)

mysql> select t1.ename My_name,t2.ename My_b_name ,t3.ename My_b_b_name
    -> from (t_employee2 t1 inner join t_employee2 t2 on t1. mgr= t2.empno )  inner join t_employee2 t3
    -> on t2. mgr= t3.empno;
+---------+-----------+-------------+
| My_name | My_b_name | My_b_b_name |
+---------+-----------+-------------+
| SMITH   | FORD      | JONES       |
| ALLEN   | BLAKE     | KING        |
| WARD    | BLAKE     | KING        |
| MARTIN  | BLAKE     | KING        |
| SCOTT   | JONES     | KING        |
| ADAMS   | SCOTT     | JONES       |
| JAMES   | BLAKE     | KING        |
| FORD    | JONES     | KING        |
+---------+-----------+-------------+
8 rows in set (0.00 sec)
```
![]()
![]()
